{"cameraMode":{"drawMode":0,"name":"Shaded","section":"Shading Mode"},"sceneLighting":true,"audioPlay":false,"sceneViewState":{"showFog":true,"showMaterialUpdate":true,"showSkybox":true,"showFlares":true,"showImageEffects":true,"showParticleSystems":true},"in2DMode":false,"pivot":{"x":-29.51360511779785,"y":-0.4616255760192871,"z":15.27151107788086},"rotation":{"x":0.05187361314892769,"y":0.0074896239675581459,"z":-0.0003890629159286618,"w":0.9986255168914795},"size":48.695343017578128,"orthographic":false}